text,x,y
"Verum his illis verbis, adhuc minus dicimus, ethnicis exprobare videtur quod deos suos eorumque cultum libris Moysis vetustiores esse, tam imperite quam falso, venditarent.",9.54346,12.353108
"ARTICULUS V. Quam luculenter Tertullianus probaverit antiquitatem librorum Moysis ex ejus aetate, qui coaevus fuit Inacho, et pluribus saeculis Danao, Trojanae cladi et Homero praeivit, ubi de Manethone, Beroso, Iromo, seu Hieronymo, et Josepho.",11.729457,13.814644
"Nemo certe diffitebitur librorum Moysis antiquitatem non posse clarius, quam ex illius aetate probari.",10.25729,13.468439
"Quamobrem Tertullianus veterum scriptorum testimonio fretus, quo ille tempore, et ante quos vixerit, hisce explicat verbis: Argivo, inquit, Inacho pariter aetate est: quadringentis pene annis Danaum et ipsum apud vos vetustissimum praevenit, mille circiter cladem Priami antecedit; possem etiam dicere quingentis amplius Homerum .",12.57454,13.990259
Primum itaque docet Moysem Inacho fuisse coaevum.,11.929788,13.824059
"At in priore Apparatus nostri tomo ostendimus hanc communem fuisse veterum scriptorum ad Eusebium usque sententiam, quam nonnulli etiam hoc saeculo propugnare nisi sunt .",10.778728,13.052823
Asseveranter vero Auctor noster adfirmat se opinionis suae plures habuisse sponsores et patronos.,10.643072,12.004117
"Ne quis autem putaret illud ab eo gratis adsertum, hos ipsos, ut paulo post videbimus, singillatim et nomine suo appellat.",11.033141,11.832181
"Praeterea horumce scriptorum auctoritate fultus, asseverat Moysen 393 annis praevertisse Danaum.",12.1203785,13.990231
"At animum, quaeso, adverte utrum haec Tertullianus delibaverit ex Josepho, qui ibidem ab ipso post alios Scriptores citatur.",11.1080675,13.092225
"Enimvero postea quam Josephus editam a Manethone Aegyptiorum chronologiam recensuit, eam his absolvit verbis: Οἱ καλούμενοι ποιμένες ἡμέτεροι πρόγονοι τρισὶ καὶ ἐννενήκοντα καὶ τριακοσίοις πρόσθεν ἔτεσιν, ἐκ τῆς Αἰγύπτου ἀπαλλαγέντες, τὴν χώραν ταύτην ἐπῴκησαν, ἢ Δαναὸν εἰς Ἄργος ἀφικέσθαι, καὶ τοι τοῦτον ἀρχαιότατον Ἀργεῖοι νομίζουσι.",12.269015,14.987128
"Qui vocabantur pastores, id est nostri progenitores, ex Aegypto liberati ante tres et nonaginta atque trecentos annos hanc provinciam inhabitavere quam Danaus ad Argos accederet, licet hunc antiquissimum Argivi confidant .",12.774705,14.109876
"In Theophili itaque Antiocheni, qui eumdem citat Manethonem, textu describendo errasse procul dubio videtur librarius, qui scripsit egressos fuisse ex Aegypto Hebraeos, πρὸ ἐτῶν τριακωσίων δεκατριῶν, ante trecentos et tredecim annos , quam Danaus in Graeciam pervenerit.",12.29797,14.760715
"Etenim Theophilus, ut ex dictis patet, haud dubie scripserat, τριακοσίοις καὶ ἐννενήκοντα τρισὶ, trecentis et nonaginta tribus.",12.090445,14.896263
Sed non satis perito scribae proclive fuit pro ἐννενήκοντα scribere δέκα.,11.839937,14.865198
De hac nihilominus conjectura judicium aliorum exspectabimus.,11.088476,12.3973055
At certe ex his Theophili verbis facile agnosces cur Tertullianus Danaum apud ethnicos vetustissimum dixerit.,11.873948,10.786508
"Tum ille postea: Moyses mille, inquit, circiter annis cladem Priami, id est, Trojanum excidium antecedit .",12.39855,14.167595
"Ibi autem rursus vestigia premit Josephi, qui asseverat adeo antiquum esse Hebraeorum ex Aegypto egressum, ὡς ἐγγύς που προτέραν αὐτὴν τῶν Ἱλιακῶν ἔτεσι χιλίοις, ut annis pene mille Iliacum bellum praecedat .",12.257167,14.813764
Uterque vero adverbium adjecit circiter; nec immerito sane.,12.084883,12.996451
"Magna siquidem est de hoc temporis intervallo, ut alibi vidimus, sententiarum varietas.",10.870631,11.589536
"At, quaecunque a vero propius absit, certo certius est Moysem Iliacis temporibus longe esse antiquiorem .",11.648379,11.689381
"Major adhuc est dissensio de Homeri aetate, quem annis post eamdem cladem Iliacam quingentis et amplius, atque idcirco 1500 ac pluribus annis post Moysem floruisse Auctor noster pronuntiat.",11.5931425,13.673721
"Diversas autem hasce scriptorum opiniones recenset Tatianus , et qui verba ejus retulit Eusebius , nec non etiam Clemens Alexandrinus , aliique et antiqui et recentiores, qui de veteribus scriptoribus, aut de chronologis et poetis, ac nominatim de ejusdem Homeri vita vel aetate disputationes, sive data opera, sive aliud agentes, instituerunt.",10.726163,12.749119
"Nos quoque de his auctorum dissidiis alibi disseruimus Caeterum quoquo tempore floruerit Homerus, plane constat, uti Josephus recte arguit, nullam apud Graecos esse conscriptionem, quae hujus poetae operibus sit vetustior .",11.429335,12.867508
"Quin etiam si eidem Josepho credas, poemata illius non litteris consignata sunt, sed cantu recitata, quae ab aliis cum memoriter tantum collecta fuerint, multa in eis dissonantia comperiuntur.",10.990519,12.25546
"Ad haec vero, ille paulo ante dixerat alias nationes gloriari se a Phoenicibus et Cadmo, ut alibi etiam adnotavimus, habuisse antiquissimum litterarum usum .",10.328221,11.568524
"At nullus tamen, pergit Josephus, demonstrare poterit aliquod scriptum, quod a prisco illo tempore, vel in templis, vel in publicis anathematibus servatum fuerit: Moysis ergo libri caeteros omnes longo temporis, imo et saeculorum intervallo antecesserunt.",11.794435,13.315027
"Nihil autem, ait Auctor noster, probatu erat facilius .",11.897578,11.479573
"Sed quia hoc longius erat, nec poterat sine maxima a proposito suo digressione fieri, ideo censuit esse differendum.",12.31936,11.865791
"An vero his verbis aliam ea de re commentationem promittat, ac promissis steterit, quis certo asseverare audebit?",11.654371,11.869346
"Ne quis tamen illud ab eo temere prolatum diceret, palam omnibus ipse facit, unde et a quibus nominatim scriptoribus evidenter probetur.",12.940794,11.593089
"Primum enimvero citat antiquissima Aegyptiorum, Chaldaeorum, Phoenicum archiva, sive scrinia, in quibus scripturae, sive libri, eorum reponebantur.",10.535984,13.649551
"Gentes autem istas ideo nominibus suis vocat, quia Graeci, teste Josepho , fatebantur antiquissimam rerum traditionem apud eos haberi.",11.500561,13.571731
"At, quia haec investigatio difficillima adhuc videri poterat: advocandi sunt, inquit, municipes eorum per quos notitia subministrata est .",11.380226,11.68327
"Municipes autem ii proprie appellati sunt, qui in civitatem romanam recepti, muneribus romanorum fruebantur.",11.152891,12.568265
Sed ille eo nomine abusive significat ejusdem regionis incolas.,10.925908,10.550395
"Nam, et gentes, et scriptores nominatim vocat, ex Aegyptiis Manethonem, Berosum ex Chaldaeis, a Josepho, ut paulo post notabimus, citatos; atque ex Phoenicibus Iromum Tyri regem, de quo postea fusius agendum.",10.6598425,14.055543
"Si vero hi non sufficiebant, adjicit ipsorum sectatores Ptolemaeum Mendesium, qui sacerdos, inquit Clemens Alexandrinus, ac post ipsum Eusebius , regum Aegypti res gestas tribus libris exposuit: item Menandrum Ephesium, a quo actus et historiam regum Tyri conscripta esse Josephus et Theophilus Antiochenus perhibent .",11.291699,14.106414
"His adjungit Demetrium Phalereum, a Josepho adhuc citatum, tresque alios, regem Jubam, Appionem et Thallum, de quibus nos, in primo Apparatus nostri tomo et in superioribus dissertationibus, disputavimus.",10.827938,13.372986
"Denique: Et qui istos, ait Tertullianus probat aut revincit, judaeus Josephus, Antiquitatum Judaicarum vindex, in Antiquitatum videlicet Judaicarum libris, qui etiamnum in omnium manibus versantur.",11.184726,13.226231
"Verumtamen ille non his tantum libris istos, ut loquitur Auctor noster, scriptores probat aut revincil ; sed in aliis etiam, contra Appionem libris quos jam citavimus .",10.776827,12.1548195
"In his siquidem plura retulit ex libris Aegyptiacorum, scilicet Manethonis Aegyptii, ac Berosi Chaldaei, ex quo prodierunt de astronomia et Chaldaeorum philosophia commentationes.",10.348154,13.726906
"Major itaque difficultas est de tertio scriptore, qui a Tertulliano cognominatur Iromus Phoenix Tyri rex.",11.129771,13.892318
"Nam in nostris manuscriptis codicibus, et antiquioribus Rigaltiana editionibus legitur: Hieronymus Phoenix Tyri rex.",9.894289,13.34779
"Sed quia nullum fuisse putabant Tyri regem nomine Hieronymum, in textu Tertulliani scribi maluerunt Iromus.",11.029648,13.969305
"Correctionis tamen hujus nullam rationem dederunt, nisi quaedam verba, ex fragmentis Menandri, a Scaligero editis, delibata.",10.689534,13.126083
"Sed longe potiori jure citare debebant Theophilum Antiochenum, a quo non solum eadem illa graeca verba citantur , sed vocatur etiam Ἱέρωμος Τυρίων βασιλεὺς, Hieromus, Tyriorum rex.",11.768276,14.5678425
"Eum autem esse testatur, qui plures ad Salomonem, et vicissim Salomon ad eum scripserat litteras, quae apud Tyrios servari ferebantur.",10.978877,14.259259
Non inde tamen confici potest hunc regem aliquid de antiquitate Hebraeorum scripto tradidisse.,10.615465,13.814425
"Nonne etiam in Tertulliani textu legendum esse Hieronymi nomen hinc colligi potest, quod Josephus in primo Antiquitatum Judaicarum libro, ubi de longa primorum patriarcharum vita disserit, ibi post memoratos a se, quemadmodum ab Auctore nostro, Manethonem et Berosum, haec scripsit: Μώχος καὶ Ἑστιαῖος, καὶ πρὸς αὐτοῖς ὁ αἰγύπτιος Ἱερώνυμος, οἱ τὰ φοινικὰ συνταξάμενοι, συμφωνοῦσι τοῖς ὑπ᾽ ἐμοῦ λεγόμενοις.",12.17759,14.655544
"Mochus, Hestiaeus, et Hieronymus aegyptius, qui Phaenicum res prosecuti sunt, nobiscum consonant .",11.144322,13.914064
"Hunc autem Hieronymum in eorum numero posuit, qui de longiori Noe et superiorum patriarcharum vita scriptum aliquid reliquerant.",10.780332,14.116848
"In primo tamen adversus Appionem libro observat Hieronymum ex iis scriptoribus unum esse, qui historias scribendo Judaicae gentis non meminit : Ἱερώνυμος γὰρ οὐδαμοῦ κατὰ τὴν ἱστορίαν ἐμνημόνευσε, καί τοι σχεδὸν ἐν τοῖς τόποις διατετριφὼς.",12.191484,14.984994
"Hieronymus enim nequaquam nostri in historia meminit, licet pene ipsis locis nutritus esset.",12.856894,13.950786
"Fatetur itaque Hieronymum in hac lucubratione missas fecisse res Judaeorum, tametsi incognitae illi non fuerint.",10.787824,13.762875
"Sed ibi eum Hecataeo opponit, a quo historiam de Judaeis editam fuisse testificatur.",11.301443,14.076949
"Potuit igitur in aliena historia aut commentatione, sicuti de longaevis, ita de vita illorum quemdam intermiscere sermonem.",11.872278,13.075643
"At quamvis Hieronymus aut pauca, aut plura de Moyse et Judaeis quovis in libro tradiderit, qua ratione probari potest illum fuisse Tyri regem?",10.846721,14.018309
"Numquid ergo Tertullianus humani aliquid ibi passus est, aut a librariis verba ejus depravata sunt, aut de regis Tyrii ad Salomonem epistolis, quemadmodum Theophilus Antiochenus, intelligendus est?",11.164453,13.560307
"Vide igitur quid tibi videatur probabilius, aut melius invenire queas.",11.562374,10.985831
"De aliorum post Moysem sacrorum vatum aetate, et supputariis digitorum gesticulis, et censualibus conferendis.",9.659319,12.062222
"De aliorum post Moysis mortem sacrorum vatum nostrorum aetate Tertullianus sic adversus ethnicos pronuntiat: Caeteri prophetae etsi Moysi posthumant, extremissimi tamen eorum non retrosiores deprehenduntur primoribus vestris sapientibus, et legiferis, et historicis.",9.453211,12.355585
At ibi plures sane adhibet improprios loquendi modos .,10.750425,11.151704
"Primo siquidem dixit posthumant, id est, post Moysis mortem vixerunt; quo sensu alibi scripsit posthumat, et posthumatum.",9.374587,12.266796
"Secundo qui hic extremissimos, alibi postremissimos omnium: tertio retrosiores, id est, posteriores ac recentiores adpellavit.",10.333881,12.75102
"Verum, etiamsi his obsoletis ac barbaris vocibus utatur, apertus tamen est hic illius sensus: Caeteri prophetae nostri post Moysis quidem obitum vixerunt; sed eorum omnium ultimi non sunt posteriores graecis sapientibus, legiferis et historicis.",9.612812,12.56671
"Suam porro sententiam non alio probat argumento, nisi prolatis plurium auctorum nominibus: vel quia gentiles publicae eorum auctoritati repugnare et resistere non poterant; vel quia longius fuisset singula illorum testimonia hoc in libro describere, in quo brevitati consultum esse volebat.",11.93766,13.016288
"Si quis tamen illud quibusdam saltem confirmari postulet, is audiat Theophilum Antiochenum sic argumentantem: Ultimus, inquit, Prophetarum Zacharias censetur, qui tempora Darii regis attigit.",12.13897,13.941958
Solon autem Atheniensis antiquissimus legislator tempore regum Cyri et Darii vixisse perhibetur.,11.634229,14.322352
"Caeteri ergo prophetae aliis legislatoribus vetustiores sunt, et multo magis Moyses, qui ante Jovem Cretensem atque ipsum, ut diximus, Trojanum bellum floruit.",11.924658,14.164715
"Nec id dixisse satis Theophilo fuit, sed exhibita ibi brevissima chronologia demonstrare nititur.",11.0795355,13.1923
"Josephus vero de historicorum aetate hunc loquitur in modum : Οἱ μέν τοι τὰς ἱστορίας ἐπιχειρήσαντες συγγράφειν παρ᾽ αὐτοῖς, λέγω δὲ τοὺς περὶ Κάδμόν τε τὸν Μιλήσιον, καὶ τὸν Ἀργεῖον Ἀκουσίλαον, καὶ μετὰ τοῦτον εἴ τινες ἄλλοι λέγονται γένεσθαι, βραχὺ τῆς Περσῶν ἐπὶ τὴν ἑλλάδα στρατείας τῷ χρόνῳ προέλαβον: Qui autem historias apud eos conscribere tentavere, id est, Cadmus Milesius et Acusilaus Argivus, et post hunc quicunque alii fuisse feruntur, paulum Persarum expeditionem praecessere .",12.314566,14.98862
Nos vero de Graeciae sapientibus et eorum aetate in primo Apparatus nostri tomo disputavimus.,11.673738,11.317173
"De Moysis porro et aliorum prophetarum tempore egimus non solum in eodem citati Apparatus nostri loco, sed in superiori etiam de Lactantii operibus dissertatione.",10.006414,13.277097
"Denique Tertullianus certiores nos facit ad recte designanda illorum omnium et prophetarum et ethnicorum scriptorum tempora , multis instrumentis, hoc est libris et chronologiis, cum digitorum supputariis gesticulis assidendum esse.",9.429639,12.601667
"Sed quae sunt, rogabit aliquis, et quorsum spectant illa supputaria digitorum gesticula?",9.859601,11.832315
"Respondebimus itaque ea nihil aliud esse, nisi digitorum gestus ac motus, quibus antiqui solebant annos resve alias numerare.",10.422878,10.887904
"De longaevi siquidem Nestoris annis cecinit Juvenalis : Felix nimirum, qui per tot saecula mortem Distulit, atque suos jam dextra computat annos.",12.464209,13.81395
"Plinius vero narrat simulacrum Jani factum fuisse digitis eo modo figuratis, quo 365 dierum numerus indicabatur .",9.287343,12.714161
"Scriptum quoque ab Hieronymo legimus : Centesimus numerus de sinistra transfertur ad dexteram, et iisdem quidem digitis, sed non eadem manu, quibus in laeva nuptae significantur et viduae, circulum faciens exprimit virginitatis coronam.",12.839795,13.508477
"At longe antea Apuleius, ubi de Pudentillae aetate disputat : Si triginta annos, inquit, pro decem dixisses, posses videri pro computationis gestu errasse, quos circulare debueris digitos aperuisse.",10.641675,10.952165
"Cum vero quadraginta quae facilius caeteris porrecta palma significantur, ea quadraginta tu dimidio auges, non potes digitorum gestu errasse, nisi forte triginta annorum Pudentillam ratus, binos cujusque anni consules numerasti.",10.3948345,10.910988
"Tertullianus itaque significat opus esse majori otio, et longiori ab instituto suo digressione, ut illis digitorum gestibus aetas tot scriptorum ac prophetarum computetur.",13.241057,11.828686
"At, praeter hanc aliasque annos dinumerandi difficultates , Graecorum etiam, ait ille, censuales conferendi.",10.816154,10.847166
Nemo sane non videt ibi nomen libri vel codices subaudiri.,10.6458025,11.646337
"Censuales autem eos vocat libros, in quibus acta et rerum gestarum annales a scribis et notariis publicis, vel aliis descripta erant.",10.90269,12.59633
"Nos vero hos libros, diari, eta magis vulgari nomine publica scribarum registra nuncupamus.",10.486865,11.47466
"Caeterum, tametsi Tertullianus tot ad probandam sacrae Scripturae antiquitatem argumenta breviter exposuerit, quisquis tamen illorum pondus et robur se intelligere negat, is se ipsum occaecare voluisse videtur.",14.22533,12.02431
"Quapropter totam hanc disputationem melius absolvere non possumus, quam his ipsius ad gentiles alio in libro verbis : At enim cum divinae Scripturae, quae penes nos, vel Judaeos sunt, in quorum olea et oleastro insiti sumus, multo saecularibus litteris non modica tantum aetate aliqua antecedant, ut loco suo edocuimus ad fidem earum demonstrandam: etsi haec eloquia de litteris usurpavit anima, utique de nostris credendum erit, non de vestris; quia potiora sunt ad instruendam animam priora, quam postera, quae et ipsa a prioribus instrui sustinebant, cum etsi de vestris instructam concedamus, ad originem tamen principalem traditio pertineat, nostrumque omnino sit, quodcunque de nostris sumpsisse et tradidisse contigit vobis.",13.093272,13.39714
"Demum in Apologetico eosdem adhuc ethnicos sic alloquitur : Sciatis ipsas quoque leges vestras, quae videntur ad innocentiam pergere, de divina lege, ut antiquiore, formam mutuatas.",12.98535,13.535153
"Et certe in aliis nostris dissertationibus abunde ostendimus scriptores ethnicos ex sacris nostris libris plura delibasse, quae illi pravis erroribus suis plane corruperunt.",9.861901,12.896572
At nemo est qui ex dictis non facile intelligat quam recte a Tertulliano nostro probata sit illorum antiquitas.,11.946122,11.035763
Ad eorum vero auctoritatem explicandam nunc veniamus.,11.678696,11.16525
"Quomodo Tertullianus demonstret divinam esse sacrae Scripturae auctoritatem, nec illius ignorantiam ab ethnicis posse objici.",14.502973,12.475729
"Non ex sola antiquitate Tertullianus summam Scripturae sacrae auctoritatem repetit, sed eo maxime quod divina sit, seu litteris tradita ab illis utique viris qui erant divino Spiritu afflati, ac futura certo praedixerunt : Idoneum quippe testimonium divinitatis, ait ille, est veritas divinationis.",13.887735,12.668359
"Neque id ullus negare poterat, nec ipsi quidem gentiles, qui veros esse deos suos inde conficere conabantur, quia res futuras ab iis praenuntiatas esse autumabant.",11.838068,12.923088
"Christiani vero vim hujus argumenti, sic ab gentilibus usurpati, non aliam ob causam infirmabant, nisi quia aut falsae erant hujusmodi factitiorum deorum praedictiones, aut daemonum artibus et praestigiis excogitatae.",11.7080965,12.722357
"Solus namque verus Deus, aut prophetae spiritu illius repleti, possunt futura certo praenuntiare.",13.74139,13.133595
"Atqui plurima, inquit Auctor noster, eodem modo jam facta cernimus, quo a sacris vatibus nostris praemonstrata fuerant.",11.969818,11.587008
Brevi autem harumce praedictionum enumeratione illud comprobat .,11.724714,12.111399
"Nunc enim, ut ille ait, Terrae, quemadmodum a sacris Prophetis praedictum est, vorant urbes, id est, repentinis terrarum motibus et hiatibus urbes absorptae ac voratae sunt Deinde: Insulas maria fraudant, quas videlicet maris fluctibus ac tempestatibus exhaustas videmus .",12.366368,12.053107
"Ad haec vero: externa, atque interna bella dilaniant, regnis regna compulsant, hoc est, bella in diversas partes scindunt non solum regna, provincias et urbes, sed cives etiam, atque affines, et sanguine conjunctos .",12.918869,13.172515
"Praeterea: fames, et lues, et locales quaeque clades, et frequentiae pleraque montium vastant.",11.306659,10.768507
"Melius in exemplaribus nostris et antiquis editionibus, plerumque mortium vastant .",9.625575,12.897412
"Frustra enim aliqui ad vocem montium confirmandam contendunt ea significari leones, ursos, aliasque id genus belluas, quibus montes frequentantur, vastanturque campi.",11.164626,10.723428
"Nam de hominum Auctor noster loquitur mortibus, quae lue, fame, aliisque hujuscemodi cladibus frequentissime accidunt.",11.201617,12.951422
"Pergit autem ille: Officia temporum et elementorum munia exorbitant , id est, solitus quatuor anni tempestatum, ac statutus elementorum ordo confunditur, quod improprio dixit verbo exorbitant.",12.527644,13.167387
Quin etiam Monstris et portentis naturalium forma turbatur.,12.345987,11.042451
"Quidam autem ibi monstra a portentis sic distingui volunt, ut monstra in hominibus animalibusque sint, portenta vero in rebus inanimatis.",12.449395,11.079967
"Sed ii non satis procul dubio attenderunt, quod scripsit Cicero informatas deorum notiones praeter naturam hominum pecudumque portentis .",11.027797,11.527535
"Et alibi: An vero illa nos terrent, si quando aliqua portentosa aut a pecude, aut ex homine nata dicuntur ?",12.624861,10.907739
"Portentum igitur non magis de inanimatis rebus dicitur, quam de hominibus et pecudibus, in quibus membrum aliquod praeter naturam plane deformatur, aut redundat, aut deficit.",12.579401,12.51273
"Portentum tamen a monstro si quando Tertulliani verbis revera secerni nobis probetur, protinus cedemus.",12.430067,10.83283
"Humiles, ait ille, sublimitate, sublimes humilitate mutantur ; sive, hominum status et conditio ita commutatur, ut a sublimi ac summa ad humilem et infimam atque versa vice, aut decidant aut conscendant.",12.928477,13.000842
"Denique: justitia rarescit, et iniquitas crebrescit; bonarum omnium disciplinarum cura torpescit, apud ethnicos videlicet, qui christianam religionem oderant, vel aspernabantur.",11.751243,12.432591
"Nam postea manifestum ipse, ut suo loco videbimus, cuilibet fecit a Christianis excultam disseminatamque fuisse justitiam, pietatem, sanctitatem, curamque bonarum omnium disciplinarum.",11.489279,12.380364
"Porro autem clades, calamitates, rerumque perturbationes, quas Auctor noster recenset, a sacris nostris vatibus vere praenuntiatas fuisse nemo negare potest, nisi qui horum, aliorumque sive historicorum aut chronologistarum libros nec percurrendo quidem legerit.",11.623971,12.645962
"At quemadmodum Augustinus adversus Faustum Manichaeum disputat: Ostendimus fidem prophetarum ex his, quae ventura cecinerunt, et venisse cernuntur .",12.012788,13.846787
Sed illum plura de his ibi disputantem adire poteris.,11.313483,11.257578
"De mundi vero cladibus, quas Tertullianus a sacris nostris vatibus praedictas esse dixit, inferius cum eo agendum.",12.0908165,11.865155
Dissimulare tamen non possumus aliis longe clarioribus sacrae Scripturae verbis futura praenuntiari.,13.782781,12.263645
"Tales enimvero sunt plures de venturo Christo, ejusque vita, miraculis, morte, et ad vitam regressu praedictiones, quae ab Auctore nostro et Lactantio, ut in superiori dissertatione ostendimus, accurate referuntur .",10.258671,12.881985
"Verum ipse Tertullianus noster arbitratus est, nec jure quidem immerito, ea quae nunc memorat, ad probandam sacrae Scripturae divinitatem sic sufficere, ut aliis opus non esset, nec exemplis, nec probationibus.",13.804818,11.995262
"Neque objici poterat illas a Christianis occultatas, nec ethnicos habuisse easdem legendi et examinandi facultatem.",11.193669,10.093036
"Quamvis enim summae Christianis religioni fuerit sacrae sua mysteria alios omnes, et ipsos etiam catechumenos celare; divinae tamen Scripturae libros, nec abscondebant, nec abscondere poterant.",11.540878,10.20375
"Quamobrem Tertullianus ethnicum hominem sic compellat: Inspice Dei voces, litteras nostras, quas neque ipsi supprimimus, et plerique casus ad extraneos transferunt .",11.046348,10.282528
"Nonne autem his verbis litteras nostras, omnes generatim designat libros non solum prisci, sed novi etiam Testamenti, quod alicubi supplementum veteris Instrumenti appellavit .",10.585959,12.414545
"Christiani itaque non supprimebant hasce sacras litteras; et quamvis illas occultare voluissent, ad extraneos tamen, hoc est ethnicos, variis casibus transferebantur.",11.234535,10.176612
"Praeterea, libri veteris Testamenti ab ipso Philadelphi tempore ex hebraica in graecam linguam, uti diximus, conversi, in eorumdem ethnicorum venerant manus, poterantque eas legere, et agnoscere, utrum omnium illorum viderent effectum, quae in eis praenuntiata fuerant.",10.98992,12.704934
"At, tametsi gentiles, aut incuria, aut pervicacia hos sacros libros non legissent, nihilominus Christiani manifestissime demonstrabant veras fuisse vaticinationes, quas in eis longo antea tempore praedictas videmus.",11.494982,12.817726
"Denique Prophetae, quorum voces hisce in libris descriptae sunt, mirandis virtutibus et miraculis, uti supra observatum est, sua et verba et documenta invictissime stabiliverunt, confirmaveruntque.",9.792685,12.30466
"Tertullianus itaque ex his, quae in hoc et superioribus articulis dicta sunt, recte concludit divinam esse sacrarum nostrarum Scripturarum auctoritatem, quas idcirco divinas litteras ac sanctas voces appellat , et asserit ex fide et antiquitate harum divinarum litterarum veritatem nostrae religionis ejusque documentorum certissime demonstrari .",14.16182,12.823577
"Quae autem ab illo in his, quos prae manibus habemus libris tradita et asserta sint, nunc diligenter investigare ac perscrutare conemur.",11.607208,11.823846
"De Deo divinisque ejus perfectionibus et attributis, ac quot qualesve gentilium philosophorum de illo dissensiones et errores.",10.209855,12.159378
"Examinatur sextuplex argumentum, quo Tertullianus Deum existere demonstrat, videlicet sacrarum Scripturarum auctoritate, gentilium philosophorum consensu, ipsiusmet Dei operibus, intimo mentis humanae sensu et conscientia, infinitis Dei perfectionibus, ac publica et saepius repetita daemonum a Christianis adjuratorum confessione.",14.315757,12.496124
"Ea est christianae religionis perfectio, ut, ad illius veritatem et aliarum quarumcunque falsitatem demonstrandam, sola, simplex, nudaque, ut recte ait Tertullianus, sufficiat doctrinae ejus expositio.",14.375283,12.562627
"Nihil enim in ea occurrit, quod naturali omnium hominum lumini ac rectae rationi plane non congruat.",13.779098,12.6459
"Praecipua autem ejus capita auctor noster exponit, atque ab eo orditur, quod caeterorum omnium fundamentum est, videlicet ab ipso Deo, qui a Christianis colitur et adoratur.",13.039897,11.797897
"Variis itaque argumentis illum existere, et unicum esse, plane ostendit.",13.61535,11.949371
"Primum enim is, inquit, ipse est, quem singulae fere omnes sacrarum nostrarum Scripturarum paginae unicum, et nullum prorsus alium, esse Deum apertissime asserunt ac renuntiant .",13.49341,12.128974
Atqui jam probavimus divinam esse ejusdem sacrae Scripturae auctoritatem.,13.932784,12.268437
"Quod ergo de unico Deo, reipsa existente, tam saepe quam perspicue praedicat, hoc certe verissimum est.",14.3420105,12.212116
"Scriptores siquidem divino, uti vidimus, Spiritu afflati, nec mentiri possunt, nec in ullum umquam nos inducere errorem.",12.19111,12.239198
"Si quis autem ethnicus aliquos sacrae Scripturae libros vel breviter percurrendi laborem recuset, is saltem eorum initium ac prima Geneseos verba legat, atque iis disertissime proditum comperiet, quod dixit Tertullianus, unicum omnino esse Deum: Qui totam molem istam, cum omni instrumento elementorum, corporum, spirituum, verbo, quo jussit, ratione, qua composuit, virtute, qua potuit, id est, qua ad mundum creandum revera pollebat, de nihilo expressit .",13.120429,12.9871025
"Minutius autem Felix, uti in alia dissertatione animadvertimus, quaedam ex his verbis mutuatus est, sed haec praetermisit, quae videntur obscuriora: Cum instrumento elementorum, corporum, et spirituum. .",11.407874,12.196382
"At nihil aliud haec significant, nisi totum mundum et ea omnia quibus componitur, nimirum elementa, corpora, et spiritus creata fuisse ab omnipotente Deo, quem idcirco existere necesse penitus est.",13.040225,11.986685
"Porro autem Tertullianus, hisce verbis, non ad ea tantum alludit quae initio Geneseos, sicuti dicebamus, scripta sunt, sed alia etiam sacrae Scripturae loca, quibus vates divini coelos verbo Dei firmatos, et mundum omnem ipsius sapientia ac potestate ex nihilo factum esse praedicant.",13.5232525,13.156175
"At quia Hermogenes et alii nonnulli haeretici, et gentiles somniaverunt, mundum non ex nihilo, sed ex materia praeexistente ipsique Deo coaeterna conditum, hinc Tertullianus falsam hanc opinionem peculiari in libro, adversus eumdem Hermogenem composito, invictis rationum momentis radicitus evellit.",12.218542,13.367564
"Sed jam plura, quibus hic error a Lactantio destruitur, argumenta a nobis alibi explicata sunt.",10.151724,13.116835
"Recte ergo inde Tertullianus noster sic disputat: Dubitabitur, credo, de Dei viribus, qui tantum hoc corpus mundi de eo quod non fuerat, non minus quam de morte vacationis et inanitatis, imposuit animatum spiritu omnium animarum animatore .",12.949647,12.748071
"Audis sane hanc ejus esse argumentationem: Deus, non ex praeexistente aut coaeterna sibi materia, sed ex nihilo creavit mundum.",13.255287,12.957653
"At summae et infinitae est potestatis aliquid, ac quod longe majus est, totum mundum ex nihilo creare.",12.9057455,12.0492735
Deus igitur omnipotens mundi creator existit.,13.542223,11.163727
"Atque haec prima est Tertulliani argumentatio, qua ex sacrae Scripturae auctoritate, cui nemo, uti diximus, ne gentilis quidem homo, refragari potest, recte demonstrat Deum reipsa existere.",14.21426,12.198607
"Antequam vero ad alia progrediamur, observare juvat in citato ejusdem Tertulliani textu pro libito sublatum à Rigaltio nomen animarum tanquam supervacaneum, ac pro imposuit scriptum composuit.",12.877817,13.225789
"Nam huic correctioni, cujus nullam reddidit rationem, omnes manuscripti et antiquiores editi codices plane adversantur.",10.530692,13.047605
"Deinde vero, nonne Auctor noster poterat verbo imposuit abuti, quo significantius exprimeret, quod antea dixerat, mundum a Deo creatum ex nihilo, ac tanquam supra mortem vacationis et inanitatis impositum?",13.301025,12.45961
"Potuit etiam per quamdam emphasim adjicere nomen animarum, ut luculentius significaret Deum non modo corporum, sed etiam animarum esse revera animatorem et creatorem.",13.0713625,12.8303
"Secundum Tertulliani argumentum desumitur ex communi omnium pene gentilium philosophorum consensu, qui, licet in definienda Dei natura non parum a se invicem, ut paulo post ostendemus, dissentiant, eum tamen revera existere volentes nolentes confessi sunt .",13.438343,12.888723
"Sed de hac illorum sententia alibi fuse disputavimus, nec ea quae ibi diximus nunc repetenda sunt.",11.123941,11.297105
"Tertium unius Dei existentis argumentum petit Tertullianus ex ejus operibus, quae sicut nullus, nisi plane desipiat, non potest non agnoscere, ita nec diffiteri unum Deum esse illorum auctorem.",13.878714,12.078062
"Nam mundus, uti recte ait Tertullianus, ab illo factus est, In ornamentum majestatis suae .",13.303425,12.669689
"Quid vero illud est in divinae majestatis ornamentum, nisi in illius probationem et argumentum, quo ex mundi creatione divina ejus majestas et omnipotentia omnibus sane, etiam hebetioribus, fit manifesta et cognoscitur?",13.749704,12.38696
Quamobrem Lactantius diserte postea dixit: Qui solem rebus humanis clarissimum ac singulare lumen in argumentum suae unicae majestatis accendit .,13.284977,12.607469
"Et certe sol, non casu aliquo, vel a se ipso, ratione penitus orbato, creatus est.",13.05028,12.247356
Suo igitur lumine et splendore omnipotentem Deum auctorem suum demonstrat.,13.697204,11.394137
De hac autem argumentatione in nostra de ejusdem Lactantii libris dissertatione egimus .,10.006085,13.023837
"Neque hoc tantum clarissimo solis lumine perstricti obtusiores mentis humanae oculi Deum agnoscere coguntur, sed ex aliis quoque ejus operibus: Tot ac tantis, inquit Tertullianus, quibus continemur, quibus sustinemur, quibus oblectamur, quibus exterremur .",12.712848,12.07772
"Quid enim tot tantaque opera aliud clamant, nisi ab uno Deo esse edita, qui homines, aut beneficiis, aut terrore, ad sui cognitionem adducit?",12.893152,12.230076
"Atque inde profecto paulo post adjecit edita ab illo majestatis suae signa per imbres, haud dubie generalis diluvii, per ignes, ac eos potissimum quibus urbes Sodoma et Gomorrha consumptae fuerunt.",12.168757,12.77195
"A quo enim, obsecro te, haec fieri potuere, nisi a Deo judice aequissimo, qui ab impiis et consceleratissimis hominibus debitas criminibus poenas repetebat?",12.3755045,12.287565
"Alia vero sunt adhuc, quibus, ut ait Tertullianus, exterremur, nimirum fulgura, fulmina, tonitrua, publicae clades et tempestates, aliaque his similia.",12.299921,11.620847
"Consulto autem haec adjecisse videtur, ut variis atheorum argutiis occurreret, qui objiciunt fulmina quae supra montes, verbi gratia, cadunt, et alia hujusmodi esse prorsus inutilia, nullamque proferri posse causam, propter quam accidant.",11.259195,13.014861
"Garrulis enimvero et impiis hisce hominibus, qui, spreta aut compressa animi conscientia, pravis libidinibus servire volunt, respondet ideo haec fieri, ut exterreamur, hoc est, Deum verum illorum auctorem timeamus, atque eo timore, quem homini innatum esse alibi demonstrat, agnoscamus illum reapse existere, qui eosdem impios aliosque sceleratos pro merito castigare potest .",12.770442,12.643421
"Porro autem alibi ostendimus, etiamsi infirmae ac caecutienti hominum menti non omnino comperta sit infinita Dei magnitudo, quorumdamque ejus operum caussa, ex ipsius tamen effectibus, nemini incognitis, manifestissime demonstrari illum existere, et quem ob finem omnia fecerit.",12.609934,12.536702
"Jam vero non quaerimus cur aut quomodo omnia ab illo fiant, aut facta sint, sed utrum ipse existat atque id ex ejus operibus agnoscatur.",12.4521,12.55209
"In aliis autem nostris dissertationibus plane ostendimus quam certo et evidenter Deum existere inde demonstretur, et quam imbecilla sit ethnicorum argumentatio, qui illud ideo negabant, quia ipse Deus videri non potest .",12.995478,11.939113
"Quarta Dei revera existentis demonstratio a Tertulliano ducitur ex intimo animae humanae sensu, sive ejus testimonio, ipsaque hominis conscientia.",14.101569,12.709543
"Visne, ait ille, ex animae ipsius testimonio comprobemus: quae, licet carcere corporis pressa, licet institutionibus pravis circumscripta, licet libidinibus et concupiscentiis evigorata, licet falsis diis exancillata, cum tamen resipiscit, ut ex crapula, ut ex somno, ut ex aliqua valetudine, et sanitatem suam patitur, Deum nominat, hoc solo, quia proprie verus hic unus Deus, bonus, et magnus; et: Quod Deus dederit, omnium vox est; judicem quoque contestatur illum: Deus videt; et: Deo commendo; et: Deus mihi reddet .",13.162146,13.151727
In hoc autem auctoris nostri textu quaedam Rigaltius more suo immutavit et addidit.,12.535298,12.974249
"Primum enim ex sola, sed forsitan non prorsus infelici, Latinii conjectura, pro verbo patitur, emendatum scriptumque voluit, potitur, hoc est, inquit, dum est compos sanae mentis.",13.165958,13.207887
"Et certe nomen sanitas accipitur aliquando pro bono statu mentis, atque apud bonos auctores legimus potiri gaudia.",12.770942,12.014466
In duobus autem recentioribus codicibus scriptum est pascitur.,10.0433,12.551594
"Quid vero, si Tertullianus minus latine loquendo dixerit patitur sanitatem, videlicet nondum integram?",12.949512,11.276884
"Quidquid sit, videtur Rigaltius privata auctoritate his verbis: Hoc solo, quia proprie hic unus Deus, bonus et magnus, istaec subrogasse: Hoc solo, quia proprio Dei veri.",13.763369,13.067186
"Sed nonne satis perspicua erant manuscriptorum codicum verba, nec his minus clara?",9.868326,12.3708515
"Sed fac obscuriora esse, numquid idcirco manus inferenda veteris scriptoris textui, ut pro libito corrigatur, nec amplius illius sit?",10.220666,12.316605
"Non hoc autem tantum in libro Tertullianus noster hac adversus ethnicos argumentatione utitur, sed eam quoque fusius acriusque urget toto in libro de Testimonio animae adversus gentes, ubi docet hoc ipsum ejus testimonium esse omni litteratura notius, doctrina agitatius, omni editione vulgatius, toto homine majus, id est, totum quod est hominis .",12.455152,13.499853
"Alia autem ejus verba alibi citavimus, palamque fecimus idem argumentum adhiberi a Minutio Felice, Cypriano, Arnobio et Lactantio, qui, Auctoris nostri vestigiis inhaerentes, hujus argumenti vi ac pondere omnes falsorum deorum cultores atheosque obruerunt .",10.564589,12.923206
"Quapropter illa hic non repetenda censemus, sed illud duntaxat examinandum, cur dixerit hanc naturalem Dei invocationem esse testimonium animae naturaliter christianae.",14.385678,12.055914
Numquid enim anima naturaliter christiana est?,13.530253,10.726578
"Nonne paulo post ille dixit: Fiunt, non nascuntur Christiani ?",12.9751,10.638636
"Alibivero ipsam animam sic alloquitur: Non es, quod sciam, christiana; fieri enim, non nasci soles christiana .",13.459158,10.597774
"At si homo non nascitur, sed fit christianus, ergo ejus anima naturaliter christiana non est.",13.408706,10.640109
"Verum Tertullianus, qui paucas inter lineas sibi procul dubio non contradixit, prioribus verbis nihil aliud significat, nisi animae humanae naturaliter insitam esse veri Dei notionem, quae totius christianae religionis est fundamentum.",14.194756,11.962443
"Alia autem omnia illius mysteria et documenta non cognoscit, quin prius ab aliis doceatur.",11.082644,12.237092
"Atque ita quidem Christiani fiunt, non autem nascuntur, quamvis naturaliter unum Deum agnoscant et invocent.",13.1783285,10.659881
Visne illud tibi ex ipsomet Tertulliano probari?,12.420373,11.00443
"Ad Nationes ille scribit Liberum Patrem cum suo sacro ab urbe Roma totaque Italia auctoritate senatus ejectum, eversasque Serapidis, Isidis et Harpocratis statuas.",13.454651,13.601563
